Workbook

Sheet Energy Factory 2024
B2: Summary report of Marugo Rubber (Thailand) Co., Ltd.
B3: Monthly 2024
B4: ประเภท / เดือน | C4: Jan | D4: Feb | E4: Mar | F4: Apr | G4: May | H4: Jun | I4: Jul | J4: Aug | K4: Sep | L4: Oct | M4: Nov | N4: Dec | O4: Total | P4: Ave. | AP4: Mount | AQ4: Jan | AR4: Feb | AS4: Mar | AT4: Apr | AU4: May | AV4: Jun | AW4: Jul | AX4: Aug | AY4: Sep | AZ4: Oct | BA4: Nov | BB4: Dec
B5: ไฟฟ้า ( Electricity ) / EE. | O5: Total | P5: Ave. | AP5: GROSS 2016 | AQ5: n/a | AR5: 102561.2 | AS5: 73168.55 | AT5: 28913.1 | AU5: 20836.4 | AV5: 6769.4
B6: EE ( KWh. ) | O6: =SUM(C6:N6) -> 0 | P6: =AVERAGE(C6:N6) -> #DIV/0!
B7: EE ( MJ. ) | O7: =SUM(C7:N7) -> 0 | P7: =AVERAGE(C7:N7) -> #DIV/0!
B8: EE ( Baht. ) | O8: =SUM(C8:N8) -> 0 | P8: =AVERAGE(C8:N8) -> #DIV/0!
B9: EE ( Baht. / KWh. ) | C9: =C8/C6 -> #DIV/0! | D9: =D8/D6 -> #DIV/0! | E9: =E8/E6 -> #DIV/0! | F9: =F8/F6 -> #DIV/0! | G9: =G8/G6 -> #DIV/0! | H9: =H8/H6 -> #DIV/0! | I9: =I8/I6 -> #DIV/0! | J9: =J8/J6 -> #DIV/0! | ... N9: =N8/N6 -> #DIV/0! | O9: =AVERAGE(C9:N9) -> #DIV/0!
B10: ก๊าซปิโตรเลียมเหลว ( liquefied petroleum gas ) / LPG | O10: Total | P10: Ave.
B11: LPG( kg. ) | O11: =SUM(C11:N11) -> 0 | P11: =AVERAGE(C11:N11) -> #DIV/0!
B12: LPG ( MJ. ) | O12: =SUM(C12:N12) -> 0 | P12: =AVERAGE(C12:N12) -> #DIV/0!
B13: LPG ( Baht. ) | O13: =SUM(C13:N13) -> 0 | P13: =AVERAGE(C13:N13) -> #DIV/0!
B14: LPG ( Baht. / kg. ) | C14: 23.29 | D14: 23.29 | E14: 23.29 | F14: 23.29 | G14: 23.29 | H14: 23.29 | I14: 23.29 | J14: 23.29 | K14: 23.29 | L14: 23.29 | M14: 22.36 | N14: 22.36 | O14: =AVERAGE(C14:N14) -> 23.135
B15: สรุปการใช้พลังงาน ( Energy ) / MJ. | O15: Total | P15: Ave.
B16: EE ( MJ. ) | C16: =C7 -> 0 | D16: =D7 -> 0 | E16: =E7 -> 0 | F16: =F7 -> 0 | G16: =G7 -> 0 | H16: =H7 -> 0 | I16: =I7 -> 0 | J16: =J7 -> 0 | ... N16: =N7 -> 0 | O16: =SUM(C16:N16) -> 0 | P16: =AVERAGE(C16:N16) -> 0
B17: LPG ( MJ. ) | C17: =C12 -> 0 | D17: =D12 -> 0 | E17: =E12 -> 0 | F17: =F12 -> 0 | G17: =G12 -> 0 | H17: =H12 -> 0 | I17: =I12 -> 0 | J17: =J12 -> 0 | ... N17: =N12 -> 0 | O17: =SUM(C17:N17) -> 0 | P17: =AVERAGE(C17:N17) -> 0
B18: EE & LPG ( MJ. ) | C18: =SUM(C16:C17) -> 0 | D18: =SUM(D16:D17) -> 0 | E18: =SUM(E16:E17) -> 0 | F18: =SUM(F16:F17) -> 0 | G18: =SUM(G16:G17) -> 0 | H18: =SUM(H16:H17) -> 0 | I18: =SUM(I16:I17) -> 0 | J18: =SUM(J16:J17) -> 0 | ... N18: =SUM(N16:N17) -> 0 | O18: =SUM(C18:N18) -> 0 | P18: =AVERAGE(C18:N18) -> 0
B19: อัตราร้อยละของการใช้พลังงาน ( Energy ) / % MJ. | O19: Ave.
B20: % EE ( MJ. ) | C20: =C16/C18 -> #DIV/0! | D20: =D16/D18 -> #DIV/0! | E20: =E16/E18 -> #DIV/0! | F20: =F16/F18 -> #DIV/0! | G20: =G16/G18 -> #DIV/0! | H20: =H16/H18 -> #DIV/0! | I20: =I16/I18 -> #DIV/0! | J20: =J16/J18 -> #DIV/0! | ... P20: =P16/P18 -> #DIV/0!
B21: % LPG ( MJ. ) | C21: =C17/C18 -> #DIV/0! | D21: =D17/D18 -> #DIV/0! | E21: =E17/E18 -> #DIV/0! | F21: =F17/F18 -> #DIV/0! | G21: =G17/G18 -> #DIV/0! | H21: =H17/H18 -> #DIV/0! | I21: =I17/I18 -> #DIV/0! | J21: =J17/J18 -> #DIV/0! | ... P21: =P17/P18 -> #DIV/0!
B22: % EE & % LPG ( MJ. ) | C22: =SUM(C20:C21) -> #DIV/0! | D22: =SUM(D20:D21) -> #DIV/0! | E22: =SUM(E20:E21) -> #DIV/0! | F22: =SUM(F20:F21) -> #DIV/0! | G22: =SUM(G20:G21) -> #DIV/0! | H22: =SUM(H20:H21) -> #DIV/0! | I22: =SUM(I20:I21) -> #DIV/0! | J22: =SUM(J20:J21) -> #DIV/0! | ... P22: =SUM(P20:P21) -> #DIV/0!
B23: สรุปต้นทุนการใช้พลังงาน ( Costs ) / Baht. | O23: Total | P23: Ave.
B24: EE ( Baht. ) | C24: =C8 -> 0 | D24: =D8 -> 0 | E24: =E8 -> 0 | F24: =F8 -> 0 | G24: =G8 -> 0 | H24: =H8 -> 0 | I24: =I8 -> 0 | J24: =J8 -> 0 | ... N24: =N8 -> 0 | O24: =SUM(C24:N24) -> 0 | P24: =AVERAGE(C24:N24) -> 0
B25: LPG ( Baht. ) | C25: =C13 -> 0 | D25: =D13 -> 0 | E25: =E13 -> 0 | F25: =F13 -> 0 | G25: =G13 -> 0 | H25: =H13 -> 0 | I25: =I13 -> 0 | J25: =J13 -> 0 | ... N25: =N13 -> 0 | O25: =SUM(C25:N25) -> 0 | P25: =AVERAGE(C25:N25) -> 0
B26: EE & LPG ( Baht. ) | C26: =SUM(C24:C25) -> 0 | D26: =SUM(D24:D25) -> 0 | E26: =SUM(E24:E25) -> 0 | F26: =SUM(F24:F25) -> 0 | G26: =SUM(G24:G25) -> 0 | H26: =SUM(H24:H25) -> 0 | I26: =SUM(I24:I25) -> 0 | J26: =SUM(J24:J25) -> 0 | ... N26: =SUM(N24:N25) -> 0 | O26: =SUM(C26:N26) -> 0 | P26: =AVERAGE(C26:N26) -> 0
B27: ดัชนีต้นทุนการใช้พลังงาน ( Costs per Energy ) / Baht. / MJ. | O27: Ave.
B28: EE ( Baht. / MJ ) | C28: =C24/C16 -> #DIV/0! | D28: =D24/D16 -> #DIV/0! | E28: =E24/E16 -> #DIV/0! | F28: =F24/F16 -> #DIV/0! | G28: =G24/G16 -> #DIV/0! | H28: =H24/H16 -> #DIV/0! | I28: =I24/I16 -> #DIV/0! | J28: =J24/J16 -> #DIV/0! | ... N28: =N24/N16 -> #DIV/0! | O28: =AVERAGE(C28:N28) -> #DIV/0!
B29: LPG( Baht. / MJ ) | C29: =IF(C17=0,0,C25/C17) -> 0 | D29: =IF(D17=0,0,D25/D17) -> 0 | E29: =IF(E17=0,0,E25/E17) -> 0 | F29: =IF(F17=0,0,F25/F17) -> 0 | G29: =IF(G17=0,0,G25/G17) -> 0 | H29: =IF(H17=0,0,H25/H17) -> 0 | I29: =IF(I17=0,0,I25/I17) -> 0 | J29: =IF(J17=0,0,J25/J17) -> 0 | ... N29: =IF(N17=0,0,N25/N17) -> 0 | O29: =AVERAGE(C29:N29) -> 0
B30: Average ( Baht. / MJ ) | C30: =C26/C18 -> #DIV/0! | D30: =D26/D18 -> #DIV/0! | E30: =E26/E18 -> #DIV/0! | F30: =F26/F18 -> #DIV/0! | G30: =G26/G18 -> #DIV/0! | H30: =H26/H18 -> #DIV/0! | I30: =I26/I18 -> #DIV/0! | J30: =J26/J18 -> #DIV/0! | ... N30: =N26/N18 -> #DIV/0! | O30: =AVERAGE(C30:N30) -> #DIV/0!

Sheet สรุปสัดส่วนพลังงาน
B2: Summarize the proportion of energy consumption and energy cost.
B3: January 2023
B4: Power Type / 2023 | C4: quantity | F4: Cost
C5: quantity/Unit | D5: calorific value (MJ) | E5: percentage | F5: Bath | G5: percentage
B6: Electric Power( kWh ) | C6: ='Energy Factory 2024'!O6 -> 0 | D6: =C6*3.6 -> 0 | E6: =D6/$D$8 -> #DIV/0! | F6: ='Energy Factory 2024'!O8 -> 0 | G6: =F6/$F$8 -> #DIV/0!
B7: Gas Fuel LPG ( kg ) | C7: ='Energy Factory 2024'!O11 -> 0 | D7: =(C7*49.73) -> 0 | E7: =D7/$D$8 -> #DIV/0! | F7: ='Energy Factory 2024'!O13 -> 0 | G7: =F7/$F$8 -> #DIV/0!
B8: Total | D8: =SUM(D6:D7) -> 0 | E8: =SUM(E6:E7) -> #DIV/0! | F8: =SUM(F6:F7) -> 0 | G8: =SUM(G6:G7) -> #DIV/0!
B12: Summarize the proportion of energy consumption and energy cost.
B13: January - October 2022
B14: Power Type / 2022 | C14: quantity | F14: Cost
C15: quantity/Unit | D15: calorific value (MJ) | E15: percentage | F15: Bath | G15: percentage
B16: Electric Power( kWh ) | C16: 1769900 | D16: 6371640 | E16: 0.42623734 | F16: 7657462.8 | G16: =F16/$F$8 -> #DIV/0!
B17: Gas Fuel LPG ( kg ) | C17: 172470 | D17: 8576933.1 | E17: 0.57376266 | F17: 3094870.8 | G17: =F17/$F$8 -> #DIV/0!
B18: รวม | D18: =SUM(D16:D17) -> 14948573 | E18: =SUM(E16:E17) -> 1 | F18: =SUM(F16:F17) -> 10752334 | G18: =SUM(G16:G17) -> #DIV/0!
B20: สรุปสัดส่วนปริมาณการใช้พลังงานและต้นทุนพลังงาน
B21: ประจำเดือน มกราคม -กันยายน 2565 (Jan-Sep'2022)
B22: ชนิดพลังงาน/ปี 2565 | C22: ปริมาณ | F22: ค่าใช้จ่าย
C23: ปริมาณและหน่วย | D23: ค่าความร้อน (MJ) | E23: ร้อยละ | F23: บาท | G23: ร้อยละ
B24: ไฟฟ้า ( kWh ) | C24: ='Energy Factory 2024'!O24 -> 0 | D24: =C24*3.6 -> 0 | E24: =D24/$D$8 -> #DIV/0! | F24: ='Energy Factory 2024'!O26 -> 0 | G24: =F24/$F$8 -> #DIV/0!
B25: เชื้อเพลิงแก๊ส LPG ( kg ) | C25: ='Energy Factory 2024'!O29 -> 0 | D25: =(C25*49.73) -> 0 | E25: =D25/$D$8 -> #DIV/0! | F25: ='Energy Factory 2024'!O31 -> 0 | G25: =F25/$F$8 -> #DIV/0!
B26: รวม | D26: =SUM(D24:D25) -> 0 | E26: =SUM(E24:E25) -> #DIV/0! | F26: =SUM(F24:F25) -> 0 | G26: =SUM(G24:G25) -> #DIV/0!
